{"replace_in_title":1,"replacements[0].search":"C:\\Users\\","replacements[0].replacement":"\\home\\","replacements[1].search":"C:\\Users\\([^\\]+)\\Documents\\","replacements[1].replacement":"\\home\\$1\\documents\\","replacements[2].search":"C:\\Users\\([^\\]+)\\Downloads\\","replacements[2].replacement":"\\home\\$1\\downloads\\","replacements[3].search":"C:\\Users\\([^\\]+)\\Desktop\\","replacements[3].replacement":"\\home\\$1\\desktop\\","replacements[4].search":"C:\\Windows\\","replacements[4].replacement":"\\Windows\\","replacements[5].search":"C:\\Program Files\\","replacements[5].replacement":"\\usr\\bin\\","replacements[6].search":"C:\\Program Files (x86)\\","replacements[6].replacement":"\\usr\\bin32\\","replacements[7].search":"C:\\","replacements[7].replacement":"\\"}